id,word,phonetic,pos,meaning,day,section
1,space,/speɪs/,n.,外层空间；太空；空间,1,旋转相关
2,spacious,/ˈspeɪʃəs/,adj.,宽敞的,1,旋转相关
3,universe,/ˈjuːnɪvɜːs/,n.,宇宙；领域，体系（uni- 统一，一起；-verse 旋转）,1,旋转相关
4,universal,/ˌjuːnɪˈvɜːsl/,adj.,普遍的；全世界的；共同的,1,旋转相关
5,unite,/juˈnaɪt/,v.,联合；团结,1,旋转相关
6,reunite,/ˌriːjuˈnaɪt/,v.,（使）重逢；再次相聚,1,旋转相关
7,union,/ˈjuːniən/,n.,协会，联合会；工会,1,旋转相关
8,diverse,/daɪˈvɜːs/,adj.,不同的；多种多样的（di- 分开）,1,旋转相关
9,convert,/kənˈvɜːt/,v. / n.,转变；转换　n. 改变信仰者,1,旋转相关
10,reverse,/rɪˈvɜːs/,v. / adj. / n.,逆转；彻底改变　adj. 相反的；反向的　n. 逆转；倒档,1,旋转相关
11,reversely,/rɪˈvɜːsli/,adv.,相反地（作文代替 but）＝ on the contrary,1,旋转相关
12,anniversary,/ˌænɪˈvɜːsəri/,n.,周年纪念日（anni- 年）,1,旋转相关
13,annual,/ˈænjuəl/,adj.,每年的；年度的；一年一次的,1,旋转相关
14,controversy,/ˈkɒntrəvɜːsi/,n.,争议；（公开的）争论，论战（contro- 相反，反对）,1,旋转相关
15,controversial,/ˌkɒntrəˈvɜːʃl/,adj.,引起争论的；有争议的,1,旋转相关
16,contrary,/ˈkɒntrəri/,adj. / n.,相对立的，相反的　n. 相反的事实（或情况）　adj. 乖戾的；逆反的,1,旋转相关
17,contrast,/ˈkɒntrɑːst/ (n.)　/kənˈtrɑːst/ (v.),n. / v.,明显的差异；对比，对照　v. 对比，对照（contra- 相反，st 街道）in / by contrast,1,旋转相关
18,nasty,/ˈnɑːsti/,adj.,令人厌恶的；不友好的；严重的；无礼的；危险的,1,旋转相关
19,astronaut,/ˈæstrənɔːt/,n.,宇航员，航天员（astro- 天文的，航天的）,1,航天与天体
20,heaven,/ˈhevn/,n.,天堂；天空,1,航天与天体
21,satellite,/ˈsætəlaɪt/,n.,卫星；人造卫星,1,航天与天体
22,moon,/muːn/,n.,月球；卫星,1,航天与天体
23,develop,/dɪˈveləp/,v.,开发；发展；成长；增强；发挥,1,发展与演变
24,development,/dɪˈveləpmənt/,n.,发展；开发,1,发展与演变
25,developer,/dɪˈveləpə(r)/,n.,（新产品的）开发者；开发商,1,发展与演变
26,evolve,/ɪˈvɒlv/,v.,（使）演变，（使）进化；（使）发展（-volve 旋转，e 出去）,1,发展与演变
27,evolution,/ˌiːvəˈluːʃn/,n.,进化；发展,1,发展与演变
28,revolve,/rɪˈvɒlv/,v.,旋转；环绕,1,发展与演变
29,revolution,/ˌrevəˈluːʃn/,n.,旋转；彻底变革（革命）,1,发展与演变
30,involve,/ɪnˈvɒlv/,v.,涉及；包含；需要（in 里面）,1,发展与演变
31,advance,/ədˈvɑːns/,n. / v.,进展，进步；预先　v. 前进，推动（a+字母表一再地，强调）,1,前进与推进
32,ahead,/əˈhed/,adv.,向前；提前；领先（a 前面的）,1,前进与推进
33,ongoing,/ˈɒnɡəʊɪŋ/,adj.,继续进行的，不断发展的,1,前进与推进
34,improve,/ɪmˈpruːv/,v.,改进；改善,1,前进与推进
35,improvement,/ɪmˈpruːvmənt/,n.,改进；改善,1,前进与推进
36,approve,/əˈpruːv/,v.,批准；赞成，同意；认可,1,前进与推进
37,disapprove,/ˌdɪsəˈpruːv/,v.,反对，否决,1,前进与推进
38,approval,/əˈpruːvl/,n.,赞成；批准,1,前进与推进
39,proof,/pruːf/,n. / adj.,证据，证明　adj. 能抵御,1,前进与推进
40,enhance,/ɪnˈhɑːns/,v.,提高；增强,1,增强与扩大
41,enhancement,/ɪnˈhɑːnsmənt/,n.,增强,1,增强与扩大
42,enable,/ɪˈneɪbl/,v.,使能够；使成为可能（able 有能力的）,1,增强与扩大
43,enlarge,/ɪnˈlɑːdʒ/,v.,扩大，扩展；详述,1,增强与扩大
44,enrich,/ɪnˈrɪtʃ/,v.,充实；使丰富；使饱含（某物）,1,增强与扩大
45,fasten,/ˈfɑːsn/,v.,扎牢，扣住，系牢,1,紧固与松开
46,tight,/taɪt/,adj. / adv.,牢固的，紧的；严峻的　adv. 紧紧地；牢固地,1,紧固与松开
47,tighten,/ˈtaɪtn/,v.,（使）变紧，更加牢固,1,紧固与松开
48,buckle,/ˈbʌkl/,v. / n.,扣住，扣紧；（被）压垮　n.（皮带的）搭扣；锁扣,1,紧固与松开
49,watertight,/ˈwɔːtətaɪt/,adj.,不透水的；防水的；严密的,1,紧固与松开
50,loose,/luːs/,v. / adj.,释放；松开　adj. 未固定牢的；自由的,1,紧固与松开
51,loosen,/ˈluːsn/,v.,解开，松开；放宽,1,紧固与松开
52,undo,/ʌnˈduː/,v.,打开；消除，取消,1,紧固与松开
53,form,/fɔːm/,n. / v.,形式；表格　v. 组成；（使）形成,1,形式与规范
54,formal,/ˈfɔːml/,adj.,正式的；庄重的；正规的,1,形式与规范
55,uniform,/ˈjuːnɪfɔːm/,n. / adj.,校服，制服　adj. 统一的,1,形式与规范
56,formation,/fɔːˈmeɪʃn/,n.,形成，组成；形成物，组成物,1,形式与规范
57,reform,/rɪˈfɔːm/,n. / v.,改革，改善,1,形式与规范
58,format,/ˈfɔːmæt/,n. / v.,总体安排；计划；设计　v. 格式化,1,形式与规范
59,conform,/kənˈfɔːm/,v.,(~ to) 遵守；顺从；相一致,1,形式与规范
60,conformity,/kənˈfɔːməti/,n.,（对社会规则的）遵从，遵守,1,形式与规范
61,comply,/kəmˈplaɪ/,v.,遵守；顺从,1,形式与规范
62,compliance,/kəmˈplaɪəns/,n.,遵从；服从；顺从,1,形式与规范
63,formulate,/ˈfɔːmjuleɪt/,v.,确切表达；认真阐述；制定；规划；构想,1,形式与规范
64,formula,/ˈfɔːmjələ/,n.,公式，方程式,1,形式与规范
65,program(me),/ˈprəʊɡræm/,n. / v.,计划，程序；节目；项目　v.（为计算机）编写程序；预设,1,执行与训练
66,perform,/pəˈfɔːm/,v.,做；执行；表演；工作；运转,1,执行与训练
67,performance,/pəˈfɔːməns/,n.,表演；表现；业绩；成绩,1,执行与训练
68,drill,/drɪl/,v. / n.,钻（孔）；训练；作……演习　n. 钻头；（应对紧急情况的）演习，训练,1,执行与训练
69,inform,/ɪnˈfɔːm/,v.,通知，告知；（使）了解，熟悉,1,通知与告知
70,well-informed,/ˌwel ɪnˈfɔːmd/,adj.,消息灵通的,1,通知与告知
71,notify,/ˈnəʊtɪfaɪ/,v.,（正式）通报，通知（ify 使知道）,1,通知与告知
72,notification,/ˌnəʊtɪfɪˈkeɪʃn/,n.,通知，通告，告示,1,通知与告知
73,noticeable,/ˈnəʊtɪsəbl/,adj.,显著的；显而易见的,1,通知与告知
74,coast,/kəʊst/,n.,海岸；海滨,2,海岸与地貌
75,coastal,/ˈkəʊstl/,adj.,沿海的，靠近海岸的,2,海岸与地貌
76,toast,/təʊst/,v. / n.,为……干杯；烤　n. 吐司；祝酒，敬酒,2,海岸与地貌
77,roast,/rəʊst/,v. / n. / adj.,烤；烘　n. 烤肉；庆祝会　adj. 烤的，焙的,2,海岸与地貌
78,sail,/seɪl/,v. / n.,航行；开船；在……上航行；驾驶（船）　n. 帆；航行,2,海岸与地貌
79,shore,/ʃɔː(r)/,n.,岸；滨,2,海岸与地貌
80,island,/ˈaɪlənd/,n.,岛,2,海岸与地貌
81,inland,/ˌɪnˈlænd/ (adv.)　/ˈɪnlænd/ (adj.),adv. / adj.,向（或在）内陆　adj. 内陆的,2,海岸与地貌
82,beach,/biːtʃ/,n.,海滩，沙滩，海滨,2,海岸与地貌
83,bench,/bentʃ/,n.,长凳,2,海岸与地貌
84,harbo(u)r,/ˈhɑːbə(r)/,n. / v.,港口　v. 庇护；包含,2,海岸与地貌
85,embrace,/ɪmˈbreɪs/,v. / n.,拥抱；包含；围绕　n. 拥抱；包含；接受（em- 进入…之中，brace 支撑物，支架）,2,海岸与地貌
86,bay,/beɪ/,n.,海湾；分隔间,2,海岸与地貌
87,shelter,/ˈʃeltə(r)/,n. / v.,掩蔽；避难所　v. 提供庇护；躲避,2,海岸与地貌
88,shade,/ʃeɪd/,n. / v.,阴凉处，暗处　v. 为……遮阳，遮蔽,2,海岸与地貌
89,shave,/ʃeɪv/,v. / n.,剃，刮去（毛发）；削减，调低　n. 刮脸，剃须,2,海岸与地貌
90,belt,/belt/,n. / v.,地带；腰带　v. 猛击；用带子系住,2,捆绑与感官
91,bond,/bɒnd/,n. / v.,纽带；联系；债券　v. 使牢固结合,2,捆绑与感官
92,bind,/baɪnd/,v.,捆绑，系；（用长布条）缠绕；结合；约束,2,捆绑与感官
93,blind,/blaɪnd/,adj. / v.,失明的；盲目的　v. 使失明；使失去判断能力,2,捆绑与感官
94,deaf,/def/,adj.,聋的；失聪的；对……充耳不闻的,2,捆绑与感官
95,bend,/bend/,v. / n.,使弯曲；折弯；偏向　n. 弯道；弯曲,2,弯曲与混合
96,twist,/twɪst/,v. / n.,使弯曲；使扭曲；转动；歪曲　n. 扭动；转弯处,2,弯曲与混合
97,blend,/blend/,v.,混合，融合,2,弯曲与混合
98,mix,/mɪks/,n. / v.,混合；混乱　v. 使混合；配制,2,弯曲与混合
99,stir,/stɜː(r)/,n. / v.,（一些人感到的）激动，震动；搅动　v. 搅和，搅拌；打动；激发,2,弯曲与混合
100,mountain,/ˈmaʊntən/,n.,山；高山,2,山与根基
101,fountain,/ˈfaʊntən/,n.,泉水；喷泉；源泉,2,山与根基
102,profound,/prəˈfaʊnd/,adj.,影响深远的；深切的；理解深刻的,2,山与根基
103,foundation,/faʊnˈdeɪʃn/,n.,地基；基础；根据,2,山与根基
104,base,/beɪs/,n. / v.,基础；根据　v. 以……为据点（或总部等）；把（总部）设在,2,base 家族
105,basement,/ˈbeɪsmənt/,n.,地下室,2,base 家族
106,basic,/ˈbeɪsɪk/,adj.,基本的；初级的；必需的,2,base 家族
107,basically,/ˈbeɪsɪkli/,adv.,基本上,2,base 家族
108,basis,/ˈbeɪsɪs/,n.,原因；基础；基准,2,base 家族
109,mount,/maʊnt/,v.,逐步增加；登上，爬上,2,升降与数量
110,amount,/əˈmaʊnt/,n. / v.,数量　v.（与 to 连用）等于；总计,2,升降与数量
111,soar,/sɔː(r)/,v.,急升，猛增；高飞；升空,2,升降与数量
112,ascend,/əˈsend/,v.,升高；攀登,2,升降与数量
113,descend,/dɪˈsend/,v.,下来，下降；（~ into）陷入（de 往下）,2,升降与数量
114,decline,/dɪˈklaɪn/,v. / n.,下降，衰落；谢绝　n. 减少；下降,2,升降与数量
115,incline,/ɪnˈklaɪn/ (v.)　/ˈɪnklaɪn/ (n.),n. / v.,斜坡，斜面　v.（使）倾斜，（使）倾向于（in 往上）,2,升降与数量
116,ancestor,/ˈænsestə(r)/,n.,祖宗，祖先,2,祖先与共识
117,ancient,/ˈeɪnʃənt/,adj.,古代的，古老的,2,祖先与共识
118,consensus,/kənˈsensəs/,n.,共识,2,祖先与共识
119,proceed,/prəˈsiːd/,v.,继续进行，开展,2,进程与程序
120,procession,/prəˈseʃn/,n.,队伍，列队行进,2,进程与程序
121,troop,/truːp/,n. / v.,士兵　v. 列队行进,2,进程与程序
122,process,/ˈprəʊses/,n. / v.,过程　v. 加工，处理,2,进程与程序
123,processor,/ˈprəʊsesə(r)/,n.,加工者，处理器,2,进程与程序
124,procedure,/prəˈsiːdʒə(r)/,n.,程序，步骤,2,进程与程序
125,access,/ˈækses/,n.,接近，通道,2,接近与超出
126,assess,/əˈses/,v.,评估,2,接近与超出
127,exceed,/ɪkˈsiːd/,v.,超过，超出,2,接近与超出
128,exceedingly,/ɪkˈsiːdɪŋli/,adv.,极其地，非常地,2,接近与超出
129,beyond,/bɪˈjɒnd/,prep.,超出，超过,2,接近与超出
130,surplus,/ˈsɜːpləs/,adj.,剩余的，过剩的,2,接近与超出
131,extra,/ˈekstrə/,adj.,额外的，附加的,2,接近与超出
132,excess,/ɪkˈses/,n.,超过，过量，多余的量,2,接近与超出
133,excessive,/ɪkˈsesɪv/,adj.,过分的，过度的,2,接近与超出
134,success,/səkˈses/,n.,成功，成功的人,2,成功与卓越
135,succeed,/səkˈsiːd/,v.,成功，接替,2,成功与卓越
136,successor,/səkˈsesə(r)/,n.,继承者,2,成功与卓越
137,excel,/ɪkˈsel/,v.,突出，擅长,2,成功与卓越
138,excellent,/ˈeksələnt/,adj.,优秀的，杰出的,2,成功与卓越
139,excellence,/ˈeksələns/,n.,杰出，优秀,2,成功与卓越
140,stride,/straɪd/,v.,大步走，跨过,2,行走与攀爬
141,wander,/ˈwɒndə(r)/,v.,漫游，漫步,2,行走与攀爬
142,crawl,/krɔːl/,v. / n.,爬行，缓慢行进,2,行走与攀爬
143,climb,/klaɪm/,v. / n.,攀爬，攀升,2,行走与攀爬
144,progress,/ˈprəʊɡres/ (n.)　/prəˈɡres/ (v.),n.,进步，进展,2,进步与进取
145,congress,/ˈkɒŋɡres/,n.,代表大会，国会,2,进步与进取
146,aggressive,/əˈɡresɪv/,adj.,侵略的，好斗的,2,进步与进取
147,move,/muːv/,v. / n.,移动，行动,3,移动与情感
148,mobile,/ˈməʊbaɪl/,adj. / n.,可移动的　n. 移动电话,3,移动与情感
149,motion,/ˈməʊʃn/,n. / v.,运动，移动,3,移动与情感
150,static,/ˈstætɪk/,adj. / n.,静止的　n. 静电,3,移动与情感
151,motive,/ˈməʊtɪv/,n. / adj.,动机，目的,3,移动与情感
152,motivate,/ˈməʊtɪveɪt/,v.,激励，激发,3,移动与情感
153,motivation,/ˌməʊtɪˈveɪʃn/,n.,动机，动力,3,移动与情感
154,remove,/rɪˈmuːv/,v.,移开，拿开,3,移动与情感
155,removal,/rɪˈmuːvl/,n.,移除，搬迁，免职,3,移动与情感
156,emotion,/ɪˈməʊʃn/,n.,情绪，情感,3,移动与情感
157,emotional,/ɪˈməʊʃənl/,adj.,易激动的，情绪化的,3,移动与情感
158,ratio,/ˈreɪʃiəʊ/,n.,比率，比例,3,比率与比例
159,rational,/ˈræʃnəl/,adj. / n.,合理的，理智的,3,比率与比例
160,irrational,/ɪˈræʃənl/,adj.,不理智的，非理性的,3,比率与比例
161,rate,/reɪt/,n. / v.,速度，比率,3,比率与比例
162,percentage,/pəˈsentɪdʒ/,n.,百分比，百分率，比例,3,比率与比例
163,remote,/rɪˈməʊt/,adj.,遥远的，偏远的,3,远程与促进
164,promote,/prəˈməʊt/,v.,促进，推动，促销,3,远程与促进
165,promotion,/prəˈməʊʃn/,n.,晋升，促销，促进,3,远程与促进
166,action,/ˈækʃn/,n.,行为，行动；功能，作用,3,行为与实际
167,deed,/diːd/,n.,行为；行动,3,行为与实际
168,behavior,/bɪˈheɪvjə(r)/,n.,行为，举止；态度,3,行为与实际
169,behave,/bɪˈheɪv/,v.,表现，举止,3,行为与实际
170,active,/ˈæktɪv/,adj.,积极的；忙碌的；活跃的（-ive ……的）,3,行为与实际
171,react,/riˈækt/,v.,回应，反应,3,行为与实际
172,reaction,/riˈækʃn/,n.,反应；反作用,3,行为与实际
173,exact,/ɪɡˈzækt/,adj. / v.,准确的，精确的；严谨的　v. 要求；迫使（ex 出去）,3,行为与实际
174,actual,/ˈæktʃuəl/,adj.,实际的；真正的（-ual ……的）,3,行为与实际
175,actually,/ˈæktʃuəli/,adv.,事实上，实际上,3,行为与实际
176,practical,/ˈpræktɪkl/,adj.,实际的；真实的；客观存在的,3,行为与实际
177,practicality,/ˌpræktɪˈkæləti/,n.,实用性；实际情况；可行性,3,行为与实际
178,virtual,/ˈvɜːtʃuəl/,adj.,事实上的，实际上的；虚拟的,3,行为与实际
179,virtually,/ˈvɜːtʃuəli/,adv.,几乎；事实上,3,行为与实际
180,frame,/freɪm/,n. / v.,框架；结构　v. 做框；制订,3,框架与部分
181,framework,/ˈfreɪmwɜːk/,n.,框架；结构；机制；准则,3,框架与部分
182,skeleton,/ˈskelɪtn/,n.,骨骼；梗概；框架,3,框架与部分
183,fragment,/ˈfræɡmənt/,n. / v.,碎片；片段　v. 破碎，分裂,3,框架与部分
184,fraction,/ˈfrækʃn/,n.,小部分；少量；一点儿,3,框架与部分
185,portion,/ˈpɔːʃn/,n. / v.,部分；一份　v. 分成若干份,3,框架与部分
186,proportion,/prəˈpɔːʃn/,n.,部分；份额；比例；面积,3,框架与部分
187,proportional,/prəˈpɔːʃənl/,adj.,相称的（proportion 派生）,3,框架与部分
188,burn,/bɜːn/,v.,燃烧；灼伤；激怒,3,燃烧与火花
189,flame,/fleɪm/,n. / v.,火焰；鲜红色；强烈情感　v. 燃烧；变红,3,燃烧与火花
190,flash,/flæʃ/,n. / v.,闪光；闪现　v. 闪光，闪烁,3,燃烧与火花
191,flesh,/fleʃ/,n.,肉；果肉（形近 fresh）,3,新鲜与活力
192,fresh,/freʃ/,adj.,新鲜的；清新的；淡的,3,新鲜与活力
193,refresh,/rɪˈfreʃ/,v.,使恢复精力；使凉爽；提醒,3,新鲜与活力
194,refreshment,/rɪˈfreʃmənt/,n.,活力恢复；饮料、小食（refresh 派生）,3,新鲜与活力
195,flourish,/ˈflʌrɪʃ/,v.,繁荣；茂盛；兴旺（联想 flower 花朵盛放）,3,新鲜与活力
196,flour,/ˈflaʊə(r)/,n.,面粉；粉状物（形近 flower）,3,新鲜与活力
197,powder,/ˈpaʊdə(r)/,n.,粉；药粉；火药,3,粉末
198,somewhat,/ˈsʌmwɒt/,adv.,稍微，有点儿,3,程度副词
199,cure,/kjʊə(r)/,v. / n.,治愈；疗法,Day4,一、治愈与安全
200,curable,/ˈkjʊərəbl/,adj.,可治愈的；可医治的,Day4,一、治愈与安全
201,curious,/ˈkjʊəriəs/,adj.,好奇的；奇特的；不寻常的,Day4,一、治愈与安全
202,curiosity,/ˌkjʊəriˈɒsəti/,n.,好奇心；求知欲,Day4,一、治愈与安全
203,accurate,/ˈækjərət/,adj.,精准的；准确的,Day4,一、治愈与安全
204,accuracy,/ˈækjərəsi/,n.,准确（性）；准确度,Day4,一、治愈与安全
205,secure,/sɪˈkjʊə(r)/,adj. / v.,安心的；安全的；可靠的　v. 获得；保护,Day4,一、治愈与安全
206,security,/sɪˈkjʊərəti/,n.,安全，安全感,Day4,一、治愈与安全
207,rescue,/ˈreskjuː/,n. / v.,营救，救援,Day4,一、治愈与安全
208,injure,/ˈɪndʒə(r)/,v.,损害，伤害；受伤,Day4,二、伤害与危险
209,injury,/ˈɪndʒəri/,n.,伤害，损伤,Day4,二、伤害与危险
210,wound,/wuːnd/,n. / v.,创伤；伤口　v. 使受伤,Day4,二、伤害与危险
211,harm,/hɑːm/,n. / v.,伤害；损害,Day4,二、伤害与危险
212,harmful,/ˈhɑːmfl/,adj.,有害的,Day4,二、伤害与危险
213,hazard,/ˈhæzəd/,n. / v.,危险，危害　v. 冒味提出,Day4,二、伤害与危险
214,hazardous,/ˈhæzədəs/,adj.,危险的；有害的,Day4,二、伤害与危险
215,danger,/ˈdeɪndʒə(r)/,n.,危险；可能性；威胁,Day4,二、伤害与危险
216,endanger,/ɪnˈdeɪndʒə(r)/,v.,危害,Day4,二、伤害与危险
217,dangerous,/ˈdeɪndʒərəs/,adj.,危险的,Day4,二、伤害与危险
218,stake,/steɪk/,n. / v.,危险；桩；风险；股本　v. 拿……冒险,Day4,二、伤害与危险
219,risk,/rɪsk/,n. / v.,危险，冒险行为　v. 使遭受危险,Day4,二、伤害与危险
220,risky,/ˈrɪski/,adj.,有危险的，有风险的,Day4,二、伤害与危险
221,gamble,/ˈɡæmbl/,n.,赌博；冒险,Day4,二、伤害与危险
222,bet,/bet/,n. / v.,打赌；预计　v. 下赌注（于）；用……打赌,Day4,二、伤害与危险
223,current,/ˈkʌrənt/,adj. / n.,当前的；通用的；流行的　n. 水流；气流；电流；趋向,Day4,三、当前与货币
224,currently,/ˈkʌrəntli/,adv.,现时；目前,Day4,三、当前与货币
225,currency,/ˈkʌrənsi/,n.,通货；货币；通用,Day4,三、当前与货币
226,rental,/ˈrentl/,n.,租金；出租；租赁,Day4,四、租赁与释放
227,lease,/liːs/,n. / v.,租约　v. 出租,Day4,四、租赁与释放
228,release,/rɪˈliːs/,n. / v.,释放；放开，松开；发行；排放　v. 释放；放走,Day4,四、租赁与释放
229,recently,/ˈriːsntli/,adv.,不久前；最近,Day4,五、新旧与时尚
230,modern,/ˈmɒdn/,adj.,现代的；当代的；时髦的,Day4,五、新旧与时尚
231,up-to-date,/ˌʌp tə ˈdeɪt/,adj.,现代的，最新的；时髦的,Day4,五、新旧与时尚
232,outdated,/ˌaʊtˈdeɪtɪd/,adj.,过时的；陈旧的,Day4,五、新旧与时尚
233,stale,/steɪl/,adj.,不新鲜的；陈腐的；（空气）污浊的；厌倦的,Day4,五、新旧与时尚
234,fashion,/ˈfæʃn/,n.,时尚；时兴；流行款式,Day4,五、新旧与时尚
235,temple,/ˈtempl/,n.,庙，寺；太阳穴；鬓角,Day4,六、时间与当代
236,temporary,/ˈtemprəri/,adj.,暂时的，临时的（tempo：节奏）,Day4,六、时间与当代
237,contemporary,/kənˈtemprəri/,adj. / n.,当代的；现在的；目前的　n. 同龄人,Day4,六、时间与当代
238,abundant,/əˈbʌndənt/,adj.,大量的；丰盛的；充裕的,Day5,一、大量与丰盛
239,ample,/ˈæmpl/,adj.,足够的；丰裕的,Day5,一、大量与丰盛
240,mass,/mæs/,n. / adj.,许多，大量；一群；群众　adj. 民众的；大量的,Day5,一、大量与丰盛
241,massive,/ˈmæsɪv/,adj.,大量的；大规模的；巨大的；严重的,Day5,一、大量与丰盛
242,massage,/ˈmæsɑːʒ/,n. / v.,按摩　v. 按摩；推拿,Day5,一、大量与丰盛
243,numerous,/ˈnjuːmərəs/,adj.,众多的；许多的,Day5,一、大量与丰盛
244,multiple,/ˈmʌltɪpl/,adj.,数量多的；多种多样的,Day5,一、大量与丰盛
245,multiply,/ˈmʌltɪplaɪ/,v.,乘；成倍增加；（使）繁殖,Day5,一、大量与丰盛
246,gang,/ɡæŋ/,n.,一帮，一伙,Day5,二、群体与分类
247,band,/bænd/,n.,流行音乐乐队；一伙，一群；带；条,Day5,二、群体与分类
248,bandage,/ˈbændɪdʒ/,n. / v.,绷带　v. 用绷带包扎,Day5,二、群体与分类
249,sort,/sɔːt/,n. / v.,种类　v. 分类，整理,Day5,二、群体与分类
250,resort,/rɪˈzɔːt/,n. / v.,采取，求助；（度假）胜地　v. (~to) 求助于；采取,Day5,二、群体与分类
251,flock,/flɒk/,n. / v.,（羊或鸟）群　v. 群集,Day5,二、群体与分类
252,crowd,/kraʊd/,n. / v.,人群；观众；一伙人　v. 使……拥挤；靠近,Day5,二、群体与分类
253,dozen,/ˈdʌzn/,n.,（一）打；十二个（dozens of: 许多、大量的 = crowds of）,Day5,二、群体与分类
254,population,/ˌpɒpjuˈleɪʃn/,n.,（地区、国家等的）人口；某领域的生物；族群,Day5,三、人口与流行
255,popularity,/ˌpɒpjuˈlærəti/,n.,受欢迎；普及；流行,Day5,三、人口与流行
256,available,/əˈveɪləbl/,adj.,可获得的；可找到的；有空的,Day5,三、人口与流行
257,availability,/əˌveɪləˈbɪləti/,n.,可获得性,Day5,三、人口与流行
258,prevail,/prɪˈveɪl/,v.,普遍存在；盛行；被接受；战胜（prevailing adj. = popular）,Day5,三、人口与流行
259,crew,/kruː/,n.,全体船员；一群工作人员,Day5,四、人员与物品
260,screw,/skruː/,n. / v.,螺丝　v. 用螺丝固定；拧紧,Day5,四、人员与物品
261,colleague,/ˈkɒliːɡ/,n.,同事，同僚,Day5,四、人员与物品
262,personnel,/ˌpɜːsəˈnel/,n.,全体人员，全体职员；人事部门,Day5,四、人员与物品
263,staff,/stɑːf/,n.,全体人员，职员；人事部门,Day5,四、人员与物品
264,stuff,/stʌf/,n. / v.,东西，物品　v. 塞进，填进,Day5,四、人员与物品
265,infant,/ˈɪnfənt/,n.,婴儿；幼儿,Day5,五、年龄阶段
266,adolescent,/ˌædəˈlesnt/,n.,青少年,Day5,五、年龄阶段
267,idle,/ˈaɪdl/,v. / adj.,虚度；闲荡　adj. 懒惰的，无所事事的,Day5,五、年龄阶段
268,youngster,/ˈjʌŋstə(r)/,n.,年轻人；少年,Day5,五、年龄阶段
269,elder,/ˈeldə(r)/,adj. / n.,年纪较长的　n. 长者；长辈,Day5,五、年龄阶段
270,immigrate,/ˈɪmɪɡreɪt/,v.,（从外地）移居；移民（从外往内）,Day5,六、移民与迁徙
271,immigrant,/ˈɪmɪɡrənt/,n.,（外来）移民,Day5,六、移民与迁徙
272,emigrate,/ˈemɪɡreɪt/,v.,移居国外；移民（从内往外）,Day5,六、移民与迁徙
273,emigrant,/ˈemɪɡrənt/,n.,移居外国的人,Day5,六、移民与迁徙
274,migrate,/maɪˈɡreɪt/,v.,（随季节变化）迁徙；移动,Day5,六、移民与迁徙
275,namely,/ˈneɪmli/,adv.,即；也就是,Day5,六、移民与迁徙
276,ambition,/æmˈbɪʃn/,n.,野心；雄心；志向,Day6,一、志向与成就
277,ambitious,/æmˈbɪʃəs/,adj.,有野心的；费力的,Day6,一、志向与成就
278,accomplish,/əˈkʌmplɪʃ/,v.,完成；达到；实现,Day6,一、志向与成就
279,accomplishment,/əˈkʌmplɪʃmənt/,n.,成就,Day6,一、志向与成就
280,achieve,/əˈtʃiːv/,v.,达到；实现；成功,Day6,一、志向与成就
281,achievement,/əˈtʃiːvmənt/,n.,成就，功绩；达到,Day6,一、志向与成就
282,fulfill,/fʊlˈfɪl/,v.,实现，履行,Day6,一、志向与成就
283,fulfillment,/fʊlˈfɪlmənt/,n.,成就感；实现,Day6,一、志向与成就
284,content,/ˈkɒntent/ n.；/kənˈtent/ adj. / v.,n. / adj. / v.,内容；含量；主题　adj. 满意的　v. 使满意,Day6,二、满足与现实
285,contented,/kənˈtentɪd/,adj.,知足的,Day6,二、满足与现实
286,satisfy,/ˈsætɪsfaɪ/,v.,使满意；使满足,Day6,二、满足与现实
287,empty,/ˈempti/,adj. / v.,空的；空虚的　v. 使变空,Day6,二、满足与现实
288,realistic,/ˌriːəˈlɪstɪk/,adj.,现实的；实际的；明智的；逼真的,Day6,二、满足与现实
289,realise / realize,/ˈriːəlaɪz/,v.,实现；理解，意识到,Day6,二、满足与现实
290,realm,/relm/,n.,领域；场所；王国,Day6,二、满足与现实
291,stack,/stæk/,v. / n.,（使）整齐地堆起　n. 整齐的一堆,Day6,三、“积累”相关
292,pile,/paɪl/,n. / v.,一堆，一叠　v. 堆起，堆积,Day6,三、“积累”相关
293,accumulate,/əˈkjuːmjəleɪt/,v.,积累；积聚；堆积,Day6,三、“积累”相关
294,calculate,/ˈkælkjuleɪt/,v.,计算；估计；推测,Day6,三、“积累”相关
295,calendar,/ˈkælɪndə(r)/,n.,日历；历法,Day6,三、“积累”相关
296,deem,/diːm/,v.,认为；相信,Day6,四、认为与 -sume 词族
297,assume,/əˈsjuːm/,v.,假设；认为,Day6,四、认为与 -sume 词族
298,assumption,/əˈsʌmpʃn/,n.,假定；承担,Day6,四、认为与 -sume 词族
299,resume,/ˈrezjumeɪ/ n.；/rɪˈzjuːm/ v.,n. / v.,概述，简历　v. 重新开始,Day6,四、认为与 -sume 词族
300,consume,/kənˈsjuːm/,v.,消耗；消费,Day6,四、认为与 -sume 词族
301,consumer,/kənˈsjuːmə(r)/,n.,消费者,Day6,四、认为与 -sume 词族
302,custom,/ˈkʌstəm/,n.,传统；风俗,Day6,五、风俗与传统
303,customs,/ˈkʌstəmz/,n.,海关,Day6,五、风俗与传统
304,customary,/ˈkʌstəməri/,adj.,习俗的,Day6,五、风俗与传统
305,accustom,/əˈkʌstəm/,v.,使习惯,Day6,五、风俗与传统
306,accustomed,/əˈkʌstəmd/,adj.,惯例的,Day6,五、风俗与传统
307,traditional,/trəˈdɪʃənl/,adj.,传统的,Day6,五、风俗与传统
308,convention,/kənˈvenʃn/,n.,风俗；传统,Day6,五、风俗与传统
309,conventional,/kənˈvenʃənl/,adj.,依照惯例的,Day6,五、风俗与传统
310,customer,/ˈkʌstəmə(r)/,n.,顾客,Day6,六、顾客与代理
311,client,/ˈklaɪənt/,n.,客户,Day6,六、顾客与代理
312,agent,/ˈeɪdʒənt/,n.,代理人,Day6,六、顾客与代理
313,agency,/ˈeɪdʒənsi/,n.,代理机构,Day6,六、顾客与代理
314,deputy,/ˈdepjuti/,n.,副手,Day6,六、顾客与代理
315,inhabit,/ɪnˈhæbɪt/,v.,栖息于；居住于,Day6,七、居住与栖息
316,inhabitant,/ɪnˈhæbɪtənt/,n.,居民,Day6,七、居住与栖息
317,habitat,/ˈhæbɪtæt/,n.,栖息地,Day6,七、居住与栖息
318,reside,/rɪˈzaɪd/,v.,居住在；定居于,Day6,七、居住与栖息
319,resident,/ˈrezɪdənt/,n.,居民,Day6,七、居住与栖息
320,residence,/ˈrezɪdəns/,n.,住所,Day6,七、居住与栖息
321,living,/ˈlɪvɪŋ/,adj. / n.,活着的　n. 生计；谋生,Day6,八、生活与生计
322,live,/lɪv/ v.；/laɪv/ adj.,v. / adj.,活着　adj. 活的,Day6,八、生活与生计
323,livelihood,/ˈlaɪvlihʊd/,n.,生计,Day6,八、生活与生计
324,lively,/ˈlaɪvli/,adj.,活泼的,Day6,八、生活与生计
325,alive,/əˈlaɪv/,adj.,活着的,Day6,八、生活与生计
326,sign,/saɪn/,n. / v.,迹象；标志　v. 签（名）；签字,Day7,一、sign 词族与委派辞职
327,token,/ˈtəʊkən/,n. / adj.,标志；代金券　adj. 象征性的；装模作样的,Day7,一、sign 词族与委派辞职
328,signature,/ˈsɪɡnətʃə(r)/,n.,署名；签字,Day7,一、sign 词族与委派辞职
329,signal,/ˈsɪɡnəl/,n. / v.,信号；标志　v. 发信号；表明,Day7,一、sign 词族与委派辞职
330,assign,/əˈsaɪn/,v.,分配（某物）；分派；委派,Day7,一、sign 词族与委派辞职
331,assignment,/əˈsaɪnmənt/,n.,（分派的）工作，任务,Day7,一、sign 词族与委派辞职
332,design,/dɪˈzaɪn/,v. / n.,设计；制造　n. 设计；图案,Day7,一、sign 词族与委派辞职
333,designer,/dɪˈzaɪnə(r)/,n. / adj.,设计师　adj. 名牌的,Day7,一、sign 词族与委派辞职
334,despatch,/dɪˈspætʃ/,v.,发送；派遣；发运（= dispatch）,Day7,一、sign 词族与委派辞职
335,resign,/rɪˈzaɪn/,v.,辞职；辞去（某职务）,Day7,一、sign 词族与委派辞职
336,quit,/kwɪt/,v.,辞职，离开,Day7,一、sign 词族与委派辞职
337,significant,/sɪɡˈnɪfɪkənt/,adj.,有重大意义的，重要的；显著的,Day7,二、重要与必要
338,significance,/sɪɡˈnɪfɪkəns/,n.,重要性；意义；含义,Day7,二、重要与必要
339,essential,/ɪˈsenʃl/,n. / adj.,必需品；要素　adj. 必不可少的；本质的,Day7,二、重要与必要
340,indispensable,/ˌɪndɪˈspensəbl/,adj.,不可或缺的，必不可少的,Day7,二、重要与必要
341,necessary,/ˈnesəsəri/,adj.,必需的；必然的,Day7,二、重要与必要
342,necessarily,/ˌnesəˈserəli/,adv.,必然地,Day7,二、重要与必要
343,necessity,/nəˈsesəti/,n.,必要；必然性；必需品,Day7,二、重要与必要
344,inevitable,/ɪnˈevɪtəbl/,adj.,不可避免的；不能防止的,Day7,二、重要与必要
345,avoid,/əˈvɔɪd/,v.,避免；回避,Day7,二、重要与必要
346,appoint,/əˈpɔɪnt/,v.,任命；安排；确定（时间、地点）,Day7,三、appoint 词族
347,appointment,/əˈpɔɪntmənt/,n.,约会；预约；职务,Day7,三、appoint 词族
348,disappoint,/ˌdɪsəˈpɔɪnt/,v.,使失望；使破灭,Day7,三、appoint 词族
349,disappointed,/ˌdɪsəˈpɔɪntɪd/,adj.,失望的（disappointing：令人失望的）,Day7,三、appoint 词族
350,accommodate,/əˈkɒmədeɪt/,v.,为（某人）提供住宿（或膳宿、座位等）；适应,Day7,四、适应与住宿
351,accommodation,/əˌkɒməˈdeɪʃn/,n.,住处；办公处；住宿,Day7,四、适应与住宿
352,adapt,/əˈdæpt/,v.,使适应；使适合,Day7,四、适应与住宿
353,adopt,/əˈdɒpt/,v.,收养，采纳；接受,Day7,四、适应与住宿
354,amuse,/əˈmjuːz/,v.,娱乐；逗乐,Day7,五、娱乐与惊讶
355,amusement,/əˈmjuːzmənt/,n.,娱乐活动,Day7,五、娱乐与惊讶
356,amaze,/əˈmeɪz/,v.,使吃惊,Day7,五、娱乐与惊讶
357,amazing,/əˈmeɪzɪŋ/,adj.,令人惊异的；了不起的,Day7,五、娱乐与惊讶
358,startle,/ˈstɑːtl/,v.,使惊吓；使吓一跳,Day7,五、娱乐与惊讶
359,leisure,/ˈleʒə(r)/,n.,空闲，闲暇,Day7,五、娱乐与惊讶
360,pastime,/ˈpɑːstaɪm/,n.,消遣；休闲活动,Day7,五、娱乐与惊讶
361,recreation,/ˌrekriˈeɪʃn/,n.,娱乐，消遣,Day7,五、娱乐与惊讶
362,arbitrary,/ˈɑːbɪtrəri/,adj.,武断的，任意的；专横的,Day7,六、改变与转换
363,alter,/ˈɔːltə(r)/,v.,改变，改动,Day7,六、改变与转换
364,alternative,/ɔːlˈtɜːnətɪv/,n. / adj.,可供选择的事物　adj. 可供替代的；备选的；另类的,Day7,六、改变与转换
365,shift,/ʃɪft/,v. / n.,转移；改变　n. 改变；轮班,Day7,六、改变与转换
366,swift,/swɪft/,adj.,快速的，敏捷的；迅即发生的,Day7,六、改变与转换
367,switch,/swɪtʃ/,n. / v.,开关；转变　v. 转变；调换,Day7,六、改变与转换
368,plug,/plʌɡ/,n. / v.,插头；塞子　v. 把…塞住；推广，宣传,Day7,六、改变与转换
369,vary,/ˈveəri/,v.,改变；使多样化；不同,Day7,七、vary 词族
370,variation,/ˌveəriˈeɪʃn/,n.,变化,Day7,七、vary 词族
371,various,/ˈveəriəs/,adj.,各种各样的，不同的,Day7,七、vary 词族
372,variety,/vəˈraɪəti/,n.,多样化；种类；变种,Day7,七、vary 词族
373,invariably,/ɪnˈveəriəbli/,adv.,始终如一地，一贯地,Day7,七、vary 词族
374,style,/staɪl/,n. / v.,风格；款式；方式　v. 设计,Day7,八、方式与适度
375,mode,/məʊd/,n.,模式；方式，方法,Day7,八、方式与适度
376,model,/ˈmɒdl/,n. / v.,模型，样式；模特儿；模范　v. 做模特儿；将…做成模型,Day7,八、方式与适度
377,modify,/ˈmɒdɪfaɪ/,v.,调整；修改；使更适合,Day7,八、方式与适度
378,modest,/ˈmɒdɪst/,adj.,适中的；谦虚的；保守的,Day7,八、方式与适度
379,earnest,/ˈɜːnɪst/,adj.,认真的，诚挚的,Day7,八、方式与适度
380,moderate,/ˈmɒdəreɪt/ v.；/ˈmɒdərət/ adj.,v. / adj.,缓和；使适中　adj. 适度的；中等的,Day7,八、方式与适度
381,tolerate,/ˈtɒləreɪt/,v.,允许；忍受,Day7,八、方式与适度
382,beam,/biːm/,n.,光线；梁,Day7,九、光与 light 词族
383,light,/laɪt/,n. / adj. / v.,光线；电灯　adj. 充满亮光的；程度轻的　v. 使明亮,Day7,九、光与 light 词族
384,bright,/braɪt/,adj.,明亮的；聪明的；愉快的,Day7,九、光与 light 词族
385,slight,/slaɪt/,adj.,轻微的，少量的,Day7,九、光与 light 词族
386,slightly,/ˈslaɪtli/,adv.,略微；稍微,Day7,九、光与 light 词族
387,enlighten,/ɪnˈlaɪtn/,v.,启发；教导；启迪,Day7,九、光与 light 词族
388,enlightenment,/ɪnˈlaɪtnmənt/,n.,启迪；启蒙运动,Day7,九、光与 light 词族
389,lightning,/ˈlaɪtnɪŋ/,n. / adj.,闪电　adj. 闪电般的；飞快的,Day7,九、光与 light 词族
390,thunder,/ˈθʌndə(r)/,n. / v.,雷声，轰隆声　v. 打雷,Day7,九、光与 light 词族
391,thumb,/θʌm/,n. / v.,拇指　v. 快速翻阅,Day7,九、光与 light 词族
392,delight,/dɪˈlaɪt/,n. / v.,高兴　v. （使）高兴,Day7,九、光与 light 词族
393,delighted,/dɪˈlaɪtɪd/,adj.,高兴的,Day7,九、光与 light 词族
394,highlight,/ˈhaɪlaɪt/,v. / n.,突出，使显著　n. 高光时刻；最精彩的部分,Day7,九、光与 light 词族
395,solar,/ˈsəʊlə(r)/,adj.,太阳的；日光的,Day7,十、太阳与晨昏
396,sunlight,/ˈsʌnlaɪt/,n.,阳光,Day7,十、太阳与晨昏
397,sunset,/ˈsʌnset/,n.,日落,Day7,十、太阳与晨昏
398,outset,/ˈaʊtset/,n.,开始；开端（at the outset = at the beginning）,Day7,十、太阳与晨昏
399,dawn,/dɔːn/,n. / v.,黎明；开端　v. 破晓；开始,Day7,十、太阳与晨昏
400,dusk,/dʌsk/,n.,黄昏；傍晚,Day7,十、太阳与晨昏
401,shed,/ʃed/,n. / v.,简易房；棚　v. 散发出光；流；洒,Day7,十一、散发与光源
402,tear,/teə(r)/ v.；/tɪə(r)/ n.,v. / n.,撕裂；戳破　n. 眼泪,Day7,十一、散发与光源
403,crystal,/ˈkrɪstl/,n.,水晶；晶粒,Day7,十一、散发与光源
404,candle,/ˈkændl/,n.,蜡烛；烛形物；烛光,Day7,十一、散发与光源
405,cancel,/ˈkænsl/,v.,取消，废除；删去,Day7,十一、散发与光源
406,canteen,/kænˈtiːn/,n.,餐厅；食堂,Day7,十一、散发与光源
407,dizzy,/ˈdɪzi/,adj.,头晕目眩的；傻乎乎的，愚蠢的,Day7,十二、身体感觉
408,faint,/feɪnt/,adj. / v.,（光、声、味）微弱的；昏厥的　v. 昏厥,Day7,十二、身体感觉
409,solid,/ˈsɒlɪd/,n. / adj.,固体　adj. 固体的；坚固的；可靠的,Day7,十三、物态与体积
410,consolidate,/kənˈsɒlɪdeɪt/,v.,使巩固；使加强,Day7,十三、物态与体积
411,fluid,/ˈfluːɪd/,adj. / n.,流动的　n. 液体,Day7,十三、物态与体积
412,liquid,/ˈlɪkwɪd/,n. / adj.,液体　adj. 液体的，液态的,Day7,十三、物态与体积
413,volume,/ˈvɒljuːm/,n.,体积；容积；音量；一卷,Day7,十三、物态与体积
414,bulk,/bʌlk/,n.,体积，大块；大部分,Day7,十三、物态与体积
415,bulky,/ˈbʌlki/,adj.,庞大的；笨重的,Day7,十三、物态与体积
416,batch,/bætʃ/,n.,一批；（食物、药物等）一批生产的量,Day7,十三、物态与体积
417,patch,/pætʃ/,v. / n.,打补丁　n. 补丁；斑；小块土地；戒烟贴片,Day7,十三、物态与体积
418,minimum,/ˈmɪnɪməm/,n. / adj.,最小值；最低限度　adj. 最小的；最低限度的,Day7,十四、极值
419,maximum,/ˈmæksɪməm/,n. / adj.,最大量；最大限度　adj. 最多的；最大极限的,Day7,十四、极值
420,climax,/ˈklaɪmæks/,n. / v.,高潮，顶点　v. 达到极点,Day7,十四、极值
421,vessel,/ˈvesl/,n.,船；容器；脉管；导管,Day7,十五、脉搏与冲动
422,pulse,/pʌls/,n. / v.,脉搏；脉率　v. 搏动；跳动,Day7,十五、脉搏与冲动
423,impulse,/ˈɪmpʌls/,n.,冲动；心血来潮；推动力；刺激,Day7,十五、脉搏与冲动
424,impulsive,/ɪmˈpʌlsɪv/,adj.,凭冲动行事的；易冲动的,Day7,十五、脉搏与冲动
425,flood,/flʌd/,n. / v.,洪水；水灾　v. （使）灌满水；淹没,Day7,十六、水流与液体动作
426,fluctuate,/ˈflʌktʃueɪt/,v.,波动；（在…之间）起伏不定（大小、数量、质量等）,Day7,十六、水流与液体动作
427,bleed,/bliːd/,v.,出血，流血,Day7,十六、水流与液体动作
428,dry,/draɪ/,adj. / v.,干的；干燥的　v. （使）变干；（把…弄干）,Day7,十六、水流与液体动作
429,drain,/dreɪn/,n. / v.,下水道；耗竭　v. 排水；排空；流出,Day7,十六、水流与液体动作
430,drainage,/ˈdreɪnɪdʒ/,n.,排水；排水系统；放水,Day7,十六、水流与液体动作
431,bubble,/ˈbʌbl/,n. / v.,泡；泡沫（很可能持续不长的好景或好运）　v. 起泡；冒泡,Day7,十六、水流与液体动作
432,bulb,/bʌlb/,n.,电灯泡；球状物,Day7,十六、水流与液体动作
433,soak,/səʊk/,v. / n.,浸泡；浸湿　n. 浸泡；泡澡,Day7,十六、水流与液体动作
434,penetrate,/ˈpenətreɪt/,v.,进入；渗透，打入（组织、团体等）,Day7,十六、水流与液体动作
435,filter,/ˈfɪltə(r)/,v. / n.,过滤；渗入　n. 过滤器,Day7,十六、水流与液体动作
436,alcohol,/ˈælkəhɒl/,n.,酒精，乙醇；酒,Day7,十七、酒水与饮料
437,liquor,/ˈlɪkə(r)/,n.,烈性酒；含酒精饮料,Day7,十七、酒水与饮料
438,drunk,/drʌŋk/,adj.,醉的；陶醉的,Day7,十七、酒水与饮料
439,beer,/bɪə(r)/,n.,啤酒,Day7,十七、酒水与饮料
440,soda,/ˈsəʊdə/,n.,苏打汽水；苏打；纯碱,Day7,十七、酒水与饮料
441,tobacco,/təˈbækəʊ/,n.,烟草，烟叶,Day7,十七、酒水与饮料
442,beverage,/ˈbevərɪdʒ/,n.,（除水以外的）饮料,Day7,十七、酒水与饮料
443,average,/ˈævərɪdʒ/,adj. / n.,平均的，正常的，普通的　n. 平均数；平均水平,Day7,十八、普通与容器
444,common,/ˈkɒmən/,adj. / n.,常见的，普遍的；共有的　n. 公共用地；公共食堂,Day7,十八、普通与容器
445,commonplace,/ˈkɒmənpleɪs/,adj. / n.,平凡的，普通的　n. 常见的事,Day7,十八、普通与容器
446,kettle,/ˈketl/,n.,水壶；锅,Day7,十八、普通与容器
447,basin,/ˈbeɪsn/,n.,盆；盆地,Day7,十八、普通与容器
448,engage,/ɪnˈɡeɪdʒ/,v.,吸引；使从事；使订婚,Day8,一、婚恋与家庭
449,engagement,/ɪnˈɡeɪdʒmənt/,n.,订婚；约会，约定,Day8,一、婚恋与家庭
450,pregnant,/ˈpreɡnənt/,adj.,怀孕的，妊娠的；意义重大的,Day8,一、婚恋与家庭
451,pregnancy,/ˈpreɡnənsi/,n.,妊娠；怀孕,Day8,一、婚恋与家庭
452,couple,/ˈkʌpl/,v. / n.,连接；结合　n. 一对；几个；夫妻；情侣,Day8,一、婚恋与家庭
453,double,/ˈdʌbl/,adj. / adv. / v.,两倍的；双重的　adv. 成双地　v. （使）加倍；对折,Day8,一、婚恋与家庭
454,spouse,/spaʊs/,n.,配偶,Day8,一、婚恋与家庭
455,divorce,/dɪˈvɔːs/,n. / v.,离婚；分离,Day8,一、婚恋与家庭
456,single,/ˈsɪŋɡl/,adj.,单一的；单身的；仅，唯一的,Day8,一、婚恋与家庭
457,singular,/ˈsɪŋɡjələ(r)/,adj.,单数（形式）的；非凡的；奇特的,Day8,一、婚恋与家庭
458,gesture,/ˈdʒestʃə(r)/,n. / v.,手势；姿势　v. 做手势；用动作示意,Day8,二、生活与认可
459,mortgage,/ˈmɔːɡɪdʒ/,n. / v.,按揭（由银行等提供房产抵押借款）　v. （向银行等）抵押（房产）,Day8,二、生活与认可
460,recognize,/ˈrekəɡnaɪz/,v.,认识，辨别出；承认；意识到,Day8,二、生活与认可
461,recognition,/ˌrekəɡˈnɪʃn/,n.,认出；识别；认可,Day8,二、生活与认可
462,challenge,/ˈtʃælɪndʒ/,n. / v.,挑战；艰巨任务　v. 挑战；对…怀疑,Day8,二、生活与认可
463,flag,/flæɡ/,n. / v.,旗　v. 标示,Day8,三、标示与激增
464,surge,/sɜːdʒ/,n. / v.,突然增加　v. 使强烈地感到；突然增加,Day8,三、标示与激增
465,leap,/liːp/,n.,跳跃；剧增,Day8,三、标示与激增
466,global,/ˈɡləʊbl/,adj.,全球的，全世界的,Day8,四、全球与谷物
467,globe,/ɡləʊb/,n.,地球；地球仪；球体,Day8,四、全球与谷物
468,grain,/ɡreɪn/,n.,谷物；颗粒,Day8,四、全球与谷物
469,cereal,/ˈsɪəriəl/,n.,谷物；麦片；谷类食品,Day8,四、全球与谷物
470,wheat,/wiːt/,n.,小麦,Day8,四、全球与谷物
471,glow,/ɡləʊ/,v. / n.,发光，发热　n. 亮光；脸红,Day8,五、光亮与闪烁
472,spark,/spɑːk/,v. / n.,产生火花；导致　n. 火花；原因,Day8,五、光亮与闪烁
473,sparkle,/ˈspɑːkl/,n. / v.,闪烁；闪耀　v. 发光；闪烁,Day8,五、光亮与闪烁
474,wrinkle,/ˈrɪŋkl/,n. / v.,皱纹　v. （使）起皱纹,Day8,五、光亮与闪烁
475,grace,/ɡreɪs/,n. / v.,优美，优雅　v. 使荣耀；装饰,Day8,六、优雅与魅力
476,graceful,/ˈɡreɪsfl/,adj.,优美的，得体的,Day8,六、优雅与魅力
477,elegant,/ˈelɪɡənt/,adj.,优雅的；简洁的,Day8,六、优雅与魅力
478,charm,/tʃɑːm/,n. / v.,魅力；吸引力；护身符　v. 吸引；迷住,Day8,六、优雅与魅力
479,charming,/ˈtʃɑːmɪŋ/,adj.,迷人的；有魅力的,Day8,六、优雅与魅力
480,honor,/ˈɒnə(r)/,n. / v.,荣誉；荣幸　v. 尊敬，给…荣誉,Day8,七、荣誉与特权
481,privilege,/ˈprɪvəlɪdʒ/,n.,特权；荣幸,Day8,七、荣誉与特权
482,privileged,/ˈprɪvəlɪdʒd/,adj.,有特权的；荣幸的，幸运的,Day8,七、荣誉与特权
483,glory,/ˈɡlɔːri/,n.,荣誉；光荣；赞美；辉煌,Day8,七、荣誉与特权
484,glorious,/ˈɡlɔːriəs/,adj.,光荣的，荣耀的，壮丽的,Day8,七、荣誉与特权
485,fond,/fɒnd/,adj.,喜爱的，喜欢,Day8,八、喜好与偏爱
486,favor,/ˈfeɪvə(r)/,n. / v.,喜爱；恩惠；支持　v. 偏爱；支持；更喜欢,Day8,八、喜好与偏爱
487,favorable,/ˈfeɪvərəbl/,adj.,有利的，适宜的,Day8,八、喜好与偏爱
488,flavor,/ˈfleɪvə(r)/,n. / v.,味道；特色；概述　v. 给…调味,Day8,八、喜好与偏爱
489,typical,/ˈtɪpɪkl/,adj.,典型的；一贯的，平常的,Day8,九、“与众不同”相关
490,extraordinary,/ɪkˈstrɔːdnri/,adj.,非凡的；不平常的,Day8,九、“与众不同”相关
491,eminent,/ˈemɪnənt/,adj.,明显的；杰出的，著名的,Day8,九、“与众不同”相关
492,prominent,/ˈprɒmɪnənt/,adj.,突出的，卓越的，重要的,Day8,九、“与众不同”相关
493,outstanding,/aʊtˈstændɪŋ/,adj.,优秀的，杰出的，突出的,Day8,九、“与众不同”相关
494,mark,/mɑːk/,n. / v.,成绩；等级　v. 做记号；标记,Day8,九、“与众不同”相关
495,remark,/rɪˈmɑːk/,n. / v.,言论；评述　v. 说起；评论,Day8,九、“与众不同”相关
496,remarkable,/rɪˈmɑːkəbl/,adj.,非凡的；引人注目的,Day8,九、“与众不同”相关
497,comment,/ˈkɒment/,n. / v.,议论；评论；解释　v. 表达意见,Day8,九、“与众不同”相关
498,commence,/kəˈmens/,v.,开始；着手,Day8,九、“与众不同”相关
499,brilliant,/ˈbrɪliənt/,adj.,明亮的；杰出的；聪颖的；巧妙的,Day8,十、精彩与奇迹
500,terrific,/təˈrɪfɪk/,adj.,极好的，了不起的；惊人的,Day8,十、精彩与奇迹
501,magnificent,/mæɡˈnɪfɪsnt/,adj.,宏伟的，壮丽的；值得赞扬的,Day8,十、精彩与奇迹
502,splendid,/ˈsplendɪd/,adj.,极好的；壮丽的，灿烂的,Day8,十、精彩与奇迹
503,splendour / splendor,/ˈsplendə(r)/,n.,壮丽；雄伟；华丽,Day8,十、精彩与奇迹
504,marvelous,/ˈmɑːvələs/,adj.,极好的；非凡的,Day8,十、精彩与奇迹
505,marvel,/ˈmɑːvl/,n. / v.,奇迹　v. 感到惊奇；大为赞叹,Day8,十、精彩与奇迹
506,grand,/ɡrænd/,adj.,宏伟的；重大的，壮丽的,Day8,十、精彩与奇迹
507,miracle,/ˈmɪrəkl/,n.,神迹；奇迹,Day8,十、精彩与奇迹
508,magic,/ˈmædʒɪk/,n. / adj.,魔法，魔术　adj. 魔术的，有魔力的,Day8,十、精彩与奇迹
509,magnetic,/mæɡˈnetɪk/,adj.,有磁性的；有吸引力的，有魅力的,Day8,十、精彩与奇迹
510,magnet,/ˈmæɡnət/,n.,磁铁；有吸引力的人（或事物）,Day8,十、精彩与奇迹
511,parliament,/ˈpɑːləmənt/,n.,议会；国会,Day8,十一、议会与代表
512,delete,/dɪˈliːt/,v.,删除,Day8,十一、议会与代表
513,delegate,/ˈdelɪɡət/ n.；/ˈdelɪɡeɪt/ v.,n. / v.,代表　v. 授（权）,Day8,十一、议会与代表
514,delegation,/ˌdelɪˈɡeɪʃn/,n.,代表团；授权,Day8,十一、议会与代表
515,senator,/ˈsenətə(r)/,n.,参议员,Day8,十一、议会与代表
516,senate,/ˈsenət/,n.,参议院,Day8,十一、议会与代表
517,council,/ˈkaʊnsl/,n.,理事会，委员会，地方议会,Day8,十一、议会与代表
518,bureau,/ˈbjʊərəʊ/,n.,局；处；办事处,Day8,十一、议会与代表
519,federal,/ˈfedərəl/,adj.,联邦制的,Day8,十二、政府与官员
520,federation,/ˌfedəˈreɪʃn/,n.,联邦；联盟；联邦政府,Day8,十二、政府与官员
521,govern,/ˈɡʌvn/,v.,统治；控制；支配,Day8,十二、政府与官员
522,government,/ˈɡʌvənmənt/,n.,政府；政体；国家体制,Day8,十二、政府与官员
523,minister,/ˈmɪnɪstə(r)/,n. / v.,大臣，部长；牧师　v. 当牧师,Day8,十二、政府与官员
524,administer,/ədˈmɪnɪstə(r)/,v.,管理，治理；执行，实施,Day8,十二、政府与官员
525,ministry,/ˈmɪnɪstri/,n.,（政府的）部,Day8,十二、政府与官员
526,official,/əˈfɪʃl/,adj. / n.,正式的；官方的　n. 官员；高级职员,Day8,十二、政府与官员
527,officer,/ˈɒfɪsə(r)/,n.,军官；官员；高级职员,Day8,十二、政府与官员
528,minor,/ˈmaɪnə(r)/,adj. / n. / v.,较小的，次要的　n. 未成年人；辅修课程　v. 辅修,Day8,十二、政府与官员
529,minus,/ˈmaɪnəs/,adj. / prep.,负的；负面的，不利的　prep. 减,Day8,十二、政府与官员
530,lead,/liːd/,v.,引领，带路；导致；过（生活）,Day8,十三、领导与误导
531,leader,/ˈliːdə(r)/,n.,领导人，首领,Day8,十三、领导与误导
532,leading,/ˈliːdɪŋ/ adj.；/ˈledɪŋ/ n.,adj. / n.,最重要的；一流的；领先的　n. 行距（印刷文本两行之间的距离）,Day8,十三、领导与误导
533,mislead,/ˌmɪsˈliːd/,v.,误导；引入歧途；使误信,Day8,十三、领导与误导
534,misleading,/ˌmɪsˈliːdɪŋ/,adj.,令人误解的；引入歧途的,Day8,十三、领导与误导
535,misunderstand,/ˌmɪsʌndəˈstænd/,v.,误解；误会,Day8,十三、领导与误导
536,misfortune,/ˌmɪsˈfɔːtʃuːn/,n.,厄运；不幸（fortune：命运，幸运）,Day8,十三、领导与误导
537,doom,/duːm/,n. / v.,毁灭；厄运　v. 注定（失败、毁灭等）,Day8,十四、命运
538,fate,/feɪt/,n.,命运；天意；定数,Day8,十四、命运
539,guide,/ɡaɪd/,n. / v.,指南；导游；指导者　v. 给某人领路（或导游）；指引,Day8,十五、指引与指南
540,guidance,/ˈɡaɪdns/,n.,指导；咨询；导航,Day8,十五、指引与指南
541,guideline,/ˈɡaɪdlaɪn/,n.,指导方针；行动纲领；准则,Day8,十五、指引与指南
542,compass,/ˈkʌmpəs/,n.,指南针；圆规；界限,Day8,十五、指引与指南
543,count,/kaʊnt/,v. / n.,计数；重要　n. 数量；罪状；点数,Day9,一、计数与账务
544,countdown,/ˈkaʊntdaʊn/,n.,倒计时；倒数读秒,Day9,一、计数与账务
545,counter,/ˈkaʊntə(r)/,n. / v. / adv.,柜台；对立面；计算器　v. 反驳　adv. 相反地,Day9,一、计数与账务
546,account,/əˈkaʊnt/,n. / v.,账户；账目　v. 认为；解释；导致,Day9,一、计数与账务
547,counterpart,/ˈkaʊntəpɑːt/,n.,相似的人或物,Day9,一、计数与账务
548,encounter,/ɪnˈkaʊntə(r)/,v. / n.,遇见；遭遇,Day9,一、计数与账务
549,discount,/ˈdɪskaʊnt/ n.；/dɪsˈkaʊnt/ v.,n. / v.,折扣　v. 打折扣,Day9,一、计数与账务
550,coupon,/ˈkuːpɒn/,n.,配给券；优惠券,Day9,一、计数与账务
551,payment,/ˈpeɪmənt/,n.,付款；收款；报答,Day9,一、计数与账务
552,repay,/rɪˈpeɪ/,v.,归还，偿还，清偿,Day9,一、计数与账务
553,bill,/bɪl/,n.,账单；议案,Day9,一、计数与账务
554,loan,/ləʊn/,n.,（借出的）贷款,Day9,一、计数与账务
555,debt,/det/,n.,债务，欠款,Day9,一、计数与账务
556,lawn,/lɔːn/,n.,草坪,Day9,二、“草”相关
557,bush,/bʊʃ/,n.,灌木；灌木丛；矮树,Day9,二、“草”相关
558,brush,/brʌʃ/,n. / v.,刷子；画笔　v. （用刷子）涂；抹,Day9,二、“草”相关
559,flush,/flʌʃ/,n. / v.,脸红；冲洗,Day9,二、“草”相关
560,splash,/splæʃ/,n. / v.,落水声；溅洒后留下的污渍　v. 把（水、泥等）溅在…上,Day9,二、“草”相关
561,jungle,/ˈdʒʌŋɡl/,n.,丛林，密林，杂草丛生的地方,Day9,二、“草”相关
562,weed,/wiːd/,n.,杂草，野草,Day9,二、“草”相关
563,hay,/heɪ/,n.,（用作饲料的）干草,Day9,二、“草”相关
564,field,/fiːld/,n. / adj.,田；地；领域　adj. 实地的；野外的,Day9,二、“草”相关
565,grasp,/ɡrɑːsp/,n. / v.,抓住，抓紧；理解，领会,Day9,二、“草”相关
566,grab,/ɡræb/,n. / v.,抓住；抓取,Day9,二、“草”相关
567,above,/əˈbʌv/,prep. / adv. / adj.,在…上面；超过　adj. 上述的,Day9,三、方位相关
568,bottom,/ˈbɒtəm/,n. / adj.,底部；底面；（容器内的）底　adj. 底部的；最后的,Day9,三、方位相关
569,button,/ˈbʌtn/,n.,按钮；纽扣,Day9,三、方位相关
570,beneath,/bɪˈniːθ/,prep.,在（或往）下面；在（或往）…下方,Day9,三、方位相关
571,underneath,/ˌʌndəˈniːθ/,adv.,在下面，在底下,Day9,三、方位相关
572,undergo,/ˌʌndəˈɡəʊ/,v.,经历，经受（变化、不快的事等）,Day9,四、经历与持久
573,experience,/ɪkˈspɪəriəns/,n. / v.,经历；经验　v. 经受；感受,Day9,四、经历与持久
574,endure,/ɪnˈdjʊə(r)/,v.,忍受；持续,Day9,四、经历与持久
575,endurance,/ɪnˈdjʊərəns/,n.,忍耐力，耐久力,Day9,四、经历与持久
576,durable,/ˈdjʊərəbl/,adj.,持久的，耐用的,Day9,四、经历与持久
577,durability,/ˌdjʊərəˈbɪləti/,n.,耐久性；经（持）久性,Day9,四、经历与持久
578,duration,/djuˈreɪʃn/,n.,持续时间；期间,Day9,四、经历与持久
579,session,/ˈseʃn/,n.,会议；（某项活动的）一段时间；学年,Day9,四、经历与持久
580,span,/spæn/,n. / v.,期间；持续的时间跨度　v. （时间）持续；横跨,Day9,四、经历与持久
581,suffer,/ˈsʌfə(r)/,v.,（因疾病、痛苦、悲伤等）受苦，受折磨，遭受，忍受,Day9,五、-fer 词族与关切
582,suffering,/ˈsʌfərɪŋ/,n.,疼痛；痛苦；折磨,Day9,五、-fer 词族与关切
583,beard,/bɪəd/,n.,胡须（bear：熊；忍受）,Day9,五、-fer 词族与关切
584,infer,/ɪnˈfɜː(r)/,v.,推测，推论,Day9,五、-fer 词族与关切
585,refer,/rɪˈfɜː(r)/,v.,提到；涉及（reference：参看书目）,Day9,五、-fer 词族与关切
586,concern,/kənˈsɜːn/,v. / n.,影响；涉及；担忧　n. 忧虑；关心,Day9,五、-fer 词族与关切
587,concerned,/kənˈsɜːnd/,adj.,关注的；关切的；与…有关的；涉及的,Day9,五、-fer 词族与关切
588,conference,/ˈkɒnfərəns/,n.,会议，商讨会,Day9,五、-fer 词族与关切
589,fertile,/ˈfɜːtaɪl/,adj.,能结果的；肥沃的,Day9,五、-fer 词族与关切
590,prefer,/prɪˈfɜː(r)/,v.,更喜欢,Day9,五、-fer 词族与关切
591,preferable,/ˈprefrəbl/,adj.,更可取的；更好的，更优越的,Day9,五、-fer 词族与关切
592,indifferent,/ɪnˈdɪfrənt/,adj.,冷漠的，不关心的,Day9,五、-fer 词族与关切
593,indifference,/ɪnˈdɪfrəns/,n.,冷漠，不关心,Day9,五、-fer 词族与关切
594,skyline,/ˈskaɪlaɪn/,n.,轮廓线；天际线,Day9,六、line 的相关单词
595,outline,/ˈaʊtlaɪn/,n. / v.,轮廓，外形；梗概　v. 概述；勾勒,Day9,六、line 的相关单词
596,online,/ˌɒnˈlaɪn/,adj.,在线的，联网的,Day9,六、line 的相关单词
597,underline,/ˌʌndəˈlaɪn/,v.,画线；强调,Day9,六、line 的相关单词
598,headline,/ˈhedlaɪn/,n.,（报纸的）大字标题，头条；（电视或无线电广播的）新闻摘要,Day9,六、line 的相关单词
599,deadline,/ˈdedlaɪn/,n.,截止日期，最终期限,Day9,六、line 的相关单词
600,layout,/ˈleɪaʊt/,n.,布局，布置；设计；安排,Day9,六、line 的相关单词
601,undermine,/ˌʌndəˈmaɪn/,v.,逐渐削弱（信心、权威等），暗中破坏,Day9,七、削弱与决定
602,determine,/dɪˈtɜːmɪn/,v.,查明；影响；决定；支配,Day9,七、削弱与决定
603,determination,/dɪˌtɜːmɪˈneɪʃn/,n.,决心,Day9,七、削弱与决定
604,deteriorate,/dɪˈtɪəriəreɪt/,v.,恶化；退化,Day9,七、削弱与决定
605,spoil,/spɔɪl/,v. / n.,破坏；毁掉；溺爱　n. 赃物；战利品,Day9,八、破坏与衰败
606,boil,/bɔɪl/,v.,煮沸；烧开,Day9,八、破坏与衰败
607,ruin,/ˈruːɪn/,v. / n.,（使）毁坏；（使）毁灭　n. 毁灭；破坏,Day9,八、破坏与衰败
608,destroy,/dɪˈstrɔɪ/,v.,毁坏；破坏；消灭,Day9,八、破坏与衰败
609,destruction,/dɪˈstrʌkʃn/,n.,破坏；毁灭；摧毁,Day9,八、破坏与衰败
610,decay,/dɪˈkeɪ/,n. / v.,衰退，衰减；腐烂,Day9,八、破坏与衰败
611,decade,/ˈdekeɪd/,n.,十年，十年期,Day9,八、破坏与衰败
612,outcome,/ˈaʊtkʌm/,n.,结果；效果,Day10,一、“out”合成词
613,outbreak,/ˈaʊtbreɪk/,n.,（暴力、疾病等坏事的）爆发，突然发生,Day10,一、“out”合成词
614,breakthrough,/ˈbreɪkθruː/,n. / adj.,重大进展，突破　adj. 突破性的,Day10,一、“out”合成词
615,outlet,/ˈaʊtlet/,n.,出口；分销店；发泄方式；表现机会,Day10,一、“out”合成词
616,outlook,/ˈaʊtlʊk/,n.,观点；前景；景色,Day10,一、“out”合成词
617,output,/ˈaʊtpʊt/,n. / v.,（人、机器、机构的）产量，输出量　v. 输出,Day10,一、“out”合成词
618,overcome,/ˌəʊvəˈkʌm/,v.,克服，战胜,Day10,二、over- 合成词
619,overlook,/ˌəʊvəˈlʊk/,v.,俯视；忽略,Day10,二、over- 合成词
620,overnight,/ˌəʊvəˈnaɪt/ adv.；/ˈəʊvənaɪt/ adj.,adv. / adj.,忽然；在晚上　adj. 忽然的；夜间的,Day10,二、over- 合成词
621,overtake,/ˌəʊvəˈteɪk/,v.,超过；赶上,Day10,二、over- 合成词
622,overtime,/ˈəʊvətaɪm/,n.,加班,Day10,二、over- 合成词
623,overdue,/ˌəʊvəˈdjuː/,adj.,（到期）未付的，未做的；延误的,Day10,二、over- 合成词
624,overhear,/ˌəʊvəˈhɪə(r)/,v.,偶然听到；无意中听到,Day10,二、over- 合成词
625,overwhelm,/ˌəʊvəˈwelm/,v.,淹没；压倒,Day10,二、over- 合成词
626,overwhelming,/ˌəʊvəˈwelmɪŋ/,adj.,压倒性的；巨大的,Day10,二、over- 合成词
627,undertake,/ˌʌndəˈteɪk/,v.,承担；从事,Day10,二、over- 合成词
628,overall,/ˌəʊvərˈɔːl/ adj./adv.；/ˈəʊvərɔːl/ n.,adj. / adv. / n.,全面的；综合的　adv. 总计；总体上　n. 外套；工装服,Day10,二、over- 合成词
629,altogether,/ˌɔːltəˈɡeðə(r)/,adv.,完全；总共；总之,Day10,三、总体与聚集
630,gather,/ˈɡæðə(r)/,v.,收集；聚集；增加,Day10,三、总体与聚集
631,gathering,/ˈɡæðərɪŋ/,n.,聚集；集会,Day10,三、总体与聚集
632,headquarters,/ˌhedˈkwɔːtəz/,n.,司令部；总部,Day10,三、总体与聚集
633,quarter,/ˈkwɔːtə(r)/,n. / v.,四分之一；季度　v. 分为四份,Day10,三、总体与聚集
634,beforehand,/bɪˈfɔːhænd/,adv.,预先；事先,Day10,三、总体与聚集
635,ready,/ˈredi/,adj. / adv.,准备好的；已完成的；方便使用的　adv. 已做完；已完成,Day10,三、总体与聚集
636,so-called,/ˌsəʊ ˈkɔːld/,adj.,所谓的,Day10,三、总体与聚集
637,corrupt,/kəˈrʌpt/,v. / adj.,使腐化，使堕落；破坏　adj. 贪污的，腐败的（词根 rupt = break）,Day10,四、“rupt”相关
638,bribe,/braɪb/,v. / n.,贿赂，向…行贿　n. 贿赂,Day10,四、“rupt”相关
639,bribery,/ˈbraɪbəri/,n.,行贿；行贿的财物,Day10,四、“rupt”相关
640,bankrupt,/ˈbæŋkrʌpt/,n. / adj.,破产者　adj. 破产的；完全丧失的,Day10,四、“rupt”相关
641,bankruptcy,/ˈbæŋkrʌptsi/,n.,破产,Day10,四、“rupt”相关
642,deficit,/ˈdefɪsɪt/,n.,赤字，逆差，亏损,Day10,四、“rupt”相关
643,disrupt,/dɪsˈrʌpt/,v.,扰乱；分裂，瓦解；中断；彻底改变结构,Day10,四、“rupt”相关
644,interrupt,/ˌɪntəˈrʌpt/,v.,打断；打扰；使暂停,Day10,四、“rupt”相关
645,desert,/ˈdezət/ n.；/dɪˈzɜːt/ v.,n. / v.,沙漠　v. 离开；抛弃（词根 sert：插入）,Day10,五、“sert”相关
646,dessert,/dɪˈzɜːt/,n.,（饭后）甜点，甜食,Day10,五、“sert”相关
647,insert,/ɪnˈsɜːt/,v.,插入；嵌进,Day10,五、“sert”相关
648,dump,/dʌmp/,n. / v.,垃圾场；废物堆　v. 扔下；倾倒；丢弃,Day10,六、丢弃与废除
649,discard,/dɪˈskɑːd/,v.,丢弃，抛弃,Day10,六、丢弃与废除
650,junk,/dʒʌŋk/,n. / v.,无用的东西；无价值的东西　v. 丢弃；废弃,Day10,六、丢弃与废除
651,trash,/træʃ/,n. / v.,垃圾；废物　v. 损坏,Day10,六、丢弃与废除
652,abolish,/əˈbɒlɪʃ/,v.,废除；取消（前缀 ab 表否定）,Day10,六、丢弃与废除
653,abuse,/əˈbjuːs/ n.；/əˈbjuːz/ v.,n. / v.,滥用；虐待；辱骂　v. 滥用；虐待；诋毁,Day10,六、丢弃与废除
654,abusive,/əˈbjuːsɪv/,adj.,辱骂的；滥用的；虐待的,Day10,六、丢弃与废除
655,clash,/klæʃ/,n. / v.,冲突；不协调；撞击声　v. 冲突；争论（词根 ash：灰尘，灰烬）,Day10,七、“ash”相关
656,crash,/kræʃ/,v. / n.,撞车，坠毁　n. 撞车事故，失事,Day10,七、“ash”相关
657,wreck,/rek/,n. / v.,沉船；失事；交通事故　v. 破坏，毁坏,Day10,七、“ash”相关
658,smash,/smæʃ/,v.,打碎，粉碎；猛击,Day10,七、“ash”相关
659,cash,/kæʃ/,n.,现金，金钱,Day10,七、“ash”相关
660,ashamed,/əˈʃeɪmd/,adj.,羞愧的；惭愧的,Day10,七、“ash”相关
661,dash,/dæʃ/,v. / n.,猛冲，突进；（使）冲撞　n. 猛冲，突进,Day10,七、“ash”相关
662,seal,/siːl/,v. / n.,封上（信封）；密封　n. 印章；密封装置,Day10,八、揭露、掩盖相关
663,conceal,/kənˈsiːl/,v.,隐藏；隐瞒；掩盖,Day10,八、揭露、掩盖相关
664,reveal,/rɪˈviːl/,v.,揭露；显示；展示,Day10,八、揭露、掩盖相关
665,revelation,/ˌrevəˈleɪʃn/,n.,揭示，被揭示的事,Day10,八、揭露、掩盖相关
666,betray,/bɪˈtreɪ/,v.,泄露；背叛；流露情感,Day10,八、揭露、掩盖相关
667,betrayal,/bɪˈtreɪəl/,n.,背叛；（被）出卖,Day10,八、揭露、掩盖相关
668,uncover,/ʌnˈkʌvə(r)/,v.,揭开盖子；揭露；发现,Day10,八、揭露、掩盖相关
669,load,/ləʊd/,n. / v.,负载；许多　v. （把大量…）装上,Day10,八、揭露、掩盖相关
670,download,/ˌdaʊnˈləʊd/,v.,下载,Day10,八、揭露、掩盖相关
671,upload,/ˌʌpˈləʊd/,v.,上传，上载,Day10,八、揭露、掩盖相关
672,unload,/ʌnˈləʊd/,v.,卸货；取下；取出,Day10,八、揭露、掩盖相关
673,unfold,/ʌnˈfəʊld/,v.,打开，呈现；发展，发生（fold：折叠，褶皱）,Day10,八、揭露、掩盖相关
674,fold,/fəʊld/,v. / n.,折叠，交叉，倒闭，包裹　n. 褶皱，山谷,Day10,八、揭露、掩盖相关
